fecha,tasa_pct
2005-01-06,8.56
2005-01-13,8.59
2005-01-20,8.63
2005-01-27,8.63
2005-02-03,9.07
2005-02-10,9.14
2005-02-17,9.15
2005-02-24,9.23
2005-03-03,9.33
2005-03-10,9.32
2005-03-17,9.37
2005-03-23,9.45
2005-03-31,9.57
2005-04-07,9.64
2005-04-14,9.59
2005-04-21,9.66
2005-04-28,9.61
2005-05-05,9.77
2005-05-12,9.81
2005-05-19,9.73
2005-05-26,9.69
2005-06-02,9.64
2005-06-09,9.64
2005-06-16,9.62
2005-06-23,9.62
2005-06-30,9.61
2005-07-07,9.61
2005-07-14,9.61
2005-07-21,9.60
2005-07-28,9.63
2005-08-04,9.62
2005-08-11,9.61
2005-08-18,9.58
2005-08-25,9.57
2005-09-01,9.42
2005-09-08,9.36
2005-09-15,9.21
2005-09-22,9.06
2005-09-29,9.02
2005-10-06,8.99
2005-10-13,8.94
2005-10-20,8.88
2005-10-27,8.82
2005-11-03,8.80
2005-11-10,8.73
2005-11-17,8.68
2005-11-24,8.61
2005-12-01,8.50
2005-12-08,8.42
2005-12-15,8.14
2005-12-22,8.03
2005-12-29,8.02
2006-01-05,7.98
2006-01-12,7.92
2006-01-19,7.89
2006-01-26,7.73
2006-02-02,7.72
2006-02-09,7.68
2006-02-16,7.55
2006-02-23,7.48
2006-03-02,7.42
2006-03-09,7.46
2006-03-16,7.37
2006-03-23,7.31
2006-03-30,7.27
2006-04-06,7.22
2006-04-12,7.22
2006-04-20,7.21
2006-04-27,7.03
2006-05-04,7.03
2006-05-11,7.02
2006-05-18,7.01
2006-05-25,7.01
2006-06-01,7.02
2006-06-08,7.01
2006-06-15,7.02
2006-06-22,7.03
2006-06-29,7.02
2006-07-06,7.02
2006-07-13,7.04
2006-07-20,7.05
2006-07-27,7.02
2006-08-03,7.05
2006-08-10,7.03
2006-08-17,7.03
2006-08-24,7.03
2006-08-31,7.02
2006-09-07,7.04
2006-09-14,7.08
2006-09-21,7.05
2006-09-28,7.05
2006-10-05,7.05
2006-10-12,7.06
2006-10-19,7.05
2006-10-26,7.04
2006-11-01,7.04
2006-11-09,7.04
2006-11-16,7.04
2006-11-23,7.04
2006-11-30,7.05
2006-12-07,7.04
2006-12-14,7.03
2006-12-21,7.05
2006-12-28,7.02
2007-01-04,7.01
2007-01-11,7.02
2007-01-18,7.05
2007-01-25,7.06
2007-02-01,7.05
2007-02-08,7.05
2007-02-15,7.03
2007-02-22,7.03
2007-03-01,7.05
2007-03-08,7.05
2007-03-15,7.05
2007-03-22,7.04
2007-03-29,7.03
2007-04-04,7.02
2007-04-12,7.00
2007-04-19,7.00
2007-04-26,7.00
2007-05-03,7.25
2007-05-10,7.24
2007-05-17,7.23
2007-05-24,7.24
2007-05-31,7.22
2007-06-07,7.21
2007-06-14,7.20
2007-06-21,7.18
2007-06-28,7.19
2007-07-05,7.18
2007-07-12,7.18
2007-07-19,7.19
2007-07-26,7.19
2007-08-02,7.19
2007-08-09,7.19
2007-08-16,7.21
2007-08-23,7.20
2007-08-30,7.23
2007-09-06,7.21
2007-09-13,7.20
2007-09-20,7.22
2007-09-27,7.19
2007-10-04,7.19
2007-10-11,7.21
2007-10-18,7.20
2007-10-25,7.20
2007-11-01,7.45
2007-11-08,7.43
2007-11-15,7.41
2007-11-22,7.46
2007-11-29,7.44
2007-12-06,7.44
2007-12-13,7.43
2007-12-20,7.44
2007-12-27,7.44
2008-01-03,7.43
2008-01-10,7.42
2008-01-17,7.41
2008-01-24,7.39
2008-01-31,7.43
2008-02-07,7.42
2008-02-14,7.44
2008-02-21,7.43
2008-02-28,7.42
2008-03-06,7.42
2008-03-13,7.45
2008-03-19,7.43
2008-03-27,7.43
2008-04-03,7.44
2008-04-10,7.46
2008-04-17,7.44
2008-04-24,7.44
2008-04-30,7.43
2008-05-08,7.43
2008-05-15,7.44
2008-05-22,7.44
2008-05-29,7.44
2008-06-05,7.45
2008-06-12,7.47
2008-06-19,7.56
2008-06-26,7.74
2008-07-03,7.75
2008-07-10,7.76
2008-07-17,8.02
2008-07-24,8.01
2008-07-31,8.09
2008-08-07,8.11
2008-08-14,8.18
2008-08-21,8.21
2008-08-28,8.21
2008-09-04,8.18
2008-09-11,8.17
2008-09-18,8.16
2008-09-25,8.15
2008-10-02,8.12
2008-10-09,7.99
2008-10-16,7.80
2008-10-23,7.58
2008-10-30,7.22
2008-11-06,7.10
2008-11-13,7.08
2008-11-20,7.72
2008-11-27,7.82
2008-12-04,8.03
2008-12-11,8.04
2008-12-18,8.03
2008-12-24,8.01
2008-12-31,7.97
2009-01-08,7.91
2009-01-15,7.70
2009-01-22,7.44
2009-01-29,7.31
2009-02-05,7.16
2009-02-12,7.07
2009-02-19,7.00
2009-02-26,7.24
2009-03-05,7.25
2009-03-12,7.18
2009-03-19,7.18
2009-03-26,6.52
2009-04-02,6.35
2009-04-08,6.24
2009-04-16,6.06
2009-04-23,5.84
2009-04-30,5.74
2009-05-07,5.54
2009-05-14,5.36
2009-05-21,5.18
2009-05-28,5.09
2009-06-04,5.08
2009-06-11,5.10
2009-06-18,5.01
2009-06-25,4.72
2009-07-02,4.72
2009-07-09,4.65
2009-07-16,4.55
2009-07-23,4.52
2009-07-30,4.51
2009-08-06,4.50
2009-08-13,4.49
2009-08-20,4.48
2009-08-27,4.47
2009-09-03,4.47
2009-09-10,4.47
2009-09-17,4.49
2009-09-24,4.50
2009-10-01,4.51
2009-10-08,4.51
2009-10-15,4.51
2009-10-22,4.51
2009-10-29,4.52
2009-11-05,4.52
2009-11-12,4.52
2009-11-19,4.50
2009-11-26,4.49
2009-12-03,4.51
2009-12-10,4.48
2009-12-17,4.51
2009-12-24,4.50
2009-12-31,4.51
2010-01-07,4.50
2010-01-14,4.50
2010-01-21,4.49
2010-01-28,4.48
2010-02-04,4.47
2010-02-11,4.49
2010-02-18,4.49
2010-02-25,4.49
2010-03-04,4.49
2010-03-11,4.41
2010-03-18,4.43
2010-03-25,4.46
2010-03-31,4.45
2010-04-08,4.43
2010-04-15,4.41
2010-04-22,4.46
2010-04-29,4.45
2010-05-06,4.49
2010-05-13,4.49
2010-05-20,4.53
2010-05-27,4.55
2010-06-03,4.58
2010-06-10,4.59
2010-06-17,4.60
2010-06-24,4.59
2010-07-01,4.60
2010-07-08,4.59
2010-07-15,4.59
2010-07-22,4.59
2010-07-29,4.60
2010-08-05,4.56
2010-08-12,4.54
2010-08-19,4.50
2010-08-26,4.47
2010-09-02,4.48
2010-09-09,4.48
2010-09-15,4.45
2010-09-23,4.36
2010-09-30,4.36
2010-10-07,4.18
2010-10-14,4.05
2010-10-21,4.03
2010-10-28,3.84
2010-11-04,3.85
2010-11-11,3.92
2010-11-18,3.94
2010-11-25,4.17
2010-12-02,4.35
2010-12-09,4.16
2010-12-16,4.18
2010-12-23,4.38
2010-12-30,4.45
2011-01-06,4.16
2011-01-13,4.20
2011-01-20,4.13
2011-01-27,4.05
2011-02-03,4.04
2011-02-10,4.05
2011-02-17,3.94
2011-02-24,4.14
2011-03-03,4.22
2011-03-10,4.28
2011-03-17,4.24
2011-03-24,4.30
2011-03-31,4.30
2011-04-07,4.26
2011-04-14,4.28
2011-04-20,4.33
2011-04-28,4.24
2011-05-05,4.24
2011-05-12,4.27
2011-05-19,4.34
2011-05-26,4.39
2011-06-02,4.43
2011-06-09,4.37
2011-06-16,4.38
2011-06-23,4.35
2011-06-30,4.33
2011-07-07,4.18
2011-07-14,4.15
2011-07-21,4.15
2011-07-28,4.08
2011-08-04,3.96
2011-08-11,3.99
2011-08-18,4.09
2011-08-25,4.17
2011-09-01,4.11
2011-09-08,4.17
2011-09-15,4.25
2011-09-22,4.27
2011-09-29,4.34
2011-10-06,4.35
2011-10-13,4.37
2011-10-20,4.35
2011-10-27,4.37
2011-11-03,4.38
2011-11-10,4.35
2011-11-17,4.35
2011-11-24,4.32
2011-12-01,4.39
2011-12-08,4.33
2011-12-15,4.33
2011-12-22,4.33
2011-12-29,4.31
2012-01-05,4.32
2012-01-12,4.26
2012-01-19,4.27
2012-01-26,4.24
2012-02-02,4.24
2012-02-09,4.34
2012-02-16,4.36
2012-02-23,4.35
2012-03-01,4.27
2012-03-08,4.27
2012-03-15,4.18
2012-03-22,4.21
2012-03-29,4.28
2012-04-04,4.25
2012-04-12,4.26
2012-04-19,4.33
2012-04-26,4.33
2012-05-03,4.33
2012-05-10,4.34
2012-05-17,4.42
2012-05-24,4.42
2012-05-31,4.44
2012-06-07,4.35
2012-06-14,4.35
2012-06-21,4.37
2012-06-28,4.27
2012-07-05,4.17
2012-07-12,4.16
2012-07-19,4.15
2012-07-26,4.13
2012-08-02,4.09
2012-08-09,4.09
2012-08-16,4.09
2012-08-23,4.23
2012-08-30,4.15
2012-09-06,4.17
2012-09-13,4.23
2012-09-20,4.15
2012-09-27,4.12
2012-10-04,4.20
2012-10-11,4.17
2012-10-18,4.23
2012-10-25,4.22
2012-11-01,4.33
2012-11-08,4.26
2012-11-15,4.31
2012-11-22,4.28
2012-11-29,4.25
2012-12-06,4.23
2012-12-13,4.14
2012-12-20,3.93
2012-12-27,3.91
2013-01-03,4.04
2013-01-10,4.12
2013-01-17,4.12
2013-01-24,4.26
2013-01-31,4.23
2013-02-07,4.22
2013-02-14,4.20
2013-02-21,4.19
2013-02-28,4.13
2013-03-07,4.07
2013-03-14,3.96
2013-03-21,3.95
2013-03-27,3.95
2013-04-04,3.88
2013-04-11,3.81
2013-04-18,3.81
2013-04-25,3.76
2013-05-02,3.76
2013-05-09,3.71
2013-05-16,3.72
2013-05-23,3.72
2013-05-30,3.71
2013-06-06,3.71
2013-06-13,3.77
2013-06-20,3.81
2013-06-27,3.82
2013-07-04,3.80
2013-07-11,3.83
2013-07-18,3.85
2013-07-25,3.90
2013-08-01,3.88
2013-08-08,3.84
2013-08-15,3.84
2013-08-22,3.83
2013-08-29,3.83
2013-09-05,3.83
2013-09-12,3.65
2013-09-19,3.56
2013-09-26,3.50
2013-10-03,3.44
2013-10-10,3.40
2013-10-17,3.38
2013-10-24,3.35
2013-10-31,3.38
2013-11-07,3.36
2013-11-14,3.39
2013-11-21,3.40
2013-11-28,3.40
2013-12-05,3.38
2013-12-11,3.34
2013-12-19,3.27
2013-12-26,3.18
2014-01-02,3.16
2014-01-09,3.17
2014-01-16,3.05
2014-01-23,3.13
2014-01-30,3.18
2014-02-06,3.18
2014-02-13,3.16
2014-02-20,3.14
2014-02-27,3.15
2014-03-06,3.16
2014-03-13,3.14
2014-03-20,3.19
2014-03-27,3.19
2014-04-03,3.22
2014-04-10,3.20
2014-04-16,3.22
2014-04-24,3.25
2014-04-30,3.25
2014-05-08,3.25
2014-05-15,3.26
2014-05-22,3.28
2014-05-29,3.31
2014-06-05,3.29
2014-06-12,2.92
2014-06-19,2.95
2014-06-26,2.90
2014-07-03,2.85
2014-07-10,2.85
2014-07-17,2.84
2014-07-24,2.82
2014-07-31,2.80
2014-08-07,2.78
2014-08-14,2.77
2014-08-21,2.76
2014-08-28,2.76
2014-09-04,2.76
2014-09-11,2.84
2014-09-18,2.86
2014-09-25,2.86
2014-10-02,2.85
2014-10-09,2.86
2014-10-16,2.96
2014-10-23,2.93
2014-10-30,2.90
2014-11-06,2.91
2014-11-13,2.90
2014-11-20,2.83
2014-11-27,2.76
2014-12-04,2.84
2014-12-11,2.85
2014-12-18,2.84
2014-12-24,2.78
2014-12-31,2.74
2015-01-08,2.43
2015-01-15,2.79
2015-01-22,2.72
2015-01-29,2.75
2015-02-05,2.74
2015-02-12,2.78
2015-02-19,2.83
2015-02-26,2.90
2015-03-05,3.01
2015-03-12,3.05
2015-03-19,3.04
2015-03-26,3.05
2015-04-01,3.02
2015-04-09,3.02
2015-04-16,3.00
2015-04-23,2.96
2015-04-30,2.85
2015-05-07,2.98
2015-05-14,2.97
2015-05-21,2.99
2015-05-28,2.99
2015-06-04,2.97
2015-06-11,2.96
2015-06-18,2.94
2015-06-25,2.98
2015-07-02,3.00
2015-07-09,2.96
2015-07-16,2.96
2015-07-23,3.01
2015-07-30,3.01
2015-08-06,3.02
2015-08-13,3.01
2015-08-20,3.02
2015-08-27,3.12
2015-09-03,3.09
2015-09-10,3.11
2015-09-17,3.18
2015-09-24,3.02
2015-10-01,3.02
2015-10-08,2.98
2015-10-15,3.00
2015-10-22,3.04
2015-10-29,3.05
2015-11-05,3.03
2015-11-12,3.00
2015-11-19,3.00
2015-11-26,3.03
2015-12-03,3.11
2015-12-10,3.20
2015-12-17,3.20
2015-12-24,3.15
2015-12-31,3.05
2016-01-07,3.05
2016-01-14,3.05
2016-01-21,3.09
2016-01-28,3.14
2016-02-04,3.16
2016-02-11,3.20
2016-02-18,3.23
2016-02-25,3.85
2016-03-03,3.88
2016-03-10,3.78
2016-03-17,3.80
2016-03-23,3.78
2016-03-31,3.76
2016-04-07,3.73
2016-04-14,3.74
2016-04-21,3.74
2016-04-28,3.76
2016-05-05,3.77
2016-05-12,3.77
2016-05-19,3.81
2016-05-26,3.90
2016-06-02,3.80
2016-06-09,3.78
2016-06-16,3.83
2016-06-23,3.76
2016-06-30,3.86
2016-07-07,4.23
2016-07-14,4.19
2016-07-21,4.21
2016-07-28,4.21
2016-08-04,4.22
2016-08-11,4.22
2016-08-18,4.27
2016-08-25,4.23
2016-09-01,4.29
2016-09-08,4.23
2016-09-15,4.22
2016-09-22,4.27
2016-09-29,4.41
2016-10-06,4.70
2016-10-13,4.70
2016-10-20,4.67
2016-10-27,4.68
2016-11-03,4.75
2016-11-10,4.81
2016-11-17,5.56
2016-11-24,5.48
2016-12-01,5.62
2016-12-08,5.59
2016-12-15,5.51
2016-12-22,5.65
2016-12-29,5.69
2017-01-05,5.82
2017-01-12,5.87
2017-01-19,5.86
2017-01-26,5.77
2017-02-02,5.88
2017-02-09,5.90
2017-02-16,6.21
2017-02-23,6.24
2017-03-02,6.25
2017-03-09,6.29
2017-03-16,6.30
2017-03-23,6.32
2017-03-30,6.43
2017-04-06,6.48
2017-04-12,6.54
2017-04-20,6.47
2017-04-27,6.50
2017-05-04,6.50
2017-05-11,6.49
2017-05-18,6.53
2017-05-25,6.71
2017-06-01,6.72
2017-06-08,6.74
2017-06-15,6.79
2017-06-22,6.87
2017-06-29,6.96
2017-07-06,7.00
2017-07-13,6.98
2017-07-20,6.99
2017-07-27,6.99
2017-08-03,6.99
2017-08-10,6.96
2017-08-17,6.91
2017-08-24,6.92
2017-08-31,6.91
2017-09-07,6.98
2017-09-14,6.98
2017-09-21,6.98
2017-09-28,7.00
2017-10-05,7.03
2017-10-12,7.03
2017-10-19,7.04
2017-10-26,7.02
2017-11-01,7.03
2017-11-09,7.02
2017-11-16,7.01
2017-11-23,7.02
2017-11-30,7.01
2017-12-07,7.02
2017-12-14,7.19
2017-12-21,7.24
2017-12-28,7.22
2018-01-04,7.25
2018-01-11,7.24
2018-01-18,7.24
2018-01-25,7.25
2018-02-01,7.24
2018-02-08,7.35
2018-02-15,7.50
2018-02-22,7.49
2018-03-01,7.47
2018-03-08,7.50
2018-03-15,7.46
2018-03-22,7.44
2018-03-28,7.49
2018-04-05,7.46
2018-04-12,7.47
2018-04-19,7.45
2018-04-26,7.45
2018-05-03,7.47
2018-05-10,7.52
2018-05-17,7.58
2018-05-24,7.51
2018-05-31,7.48
2018-06-07,7.51
2018-06-14,7.62
2018-06-21,7.71
2018-06-28,7.70
2018-07-05,7.72
2018-07-12,7.74
2018-07-19,7.74
2018-07-26,7.72
2018-08-02,7.74
2018-08-09,7.74
2018-08-16,7.74
2018-08-23,7.71
2018-08-30,7.72
2018-09-06,7.70
2018-09-13,7.70
2018-09-20,7.69
2018-09-27,7.65
2018-10-04,7.67
2018-10-11,7.70
2018-10-18,7.65
2018-10-25,7.72
2018-11-01,7.76
2018-11-08,7.71
2018-11-15,7.79
2018-11-22,7.94
2018-11-29,7.97
2018-12-06,7.95
2018-12-13,7.97
2018-12-20,8.00
2018-12-27,8.17
2019-01-03,8.06
2019-01-10,8.00
2019-01-17,7.91
2019-01-24,7.91
2019-01-31,7.86
2019-02-07,7.90
2019-02-14,7.88
2019-02-21,7.85
2019-02-28,8.10
2019-03-07,8.00
2019-03-14,8.09
2019-03-21,8.15
2019-03-28,7.85
2019-04-04,7.80
2019-04-11,7.76
2019-04-17,7.81
2019-04-25,7.75
2019-05-02,8.20
2019-05-09,8.02
2019-05-16,8.05
2019-05-23,8.03
2019-05-30,8.05
2019-06-06,8.30
2019-06-13,8.28
2019-06-20,8.24
2019-06-27,8.18
2019-07-04,8.10
2019-07-11,8.17
2019-07-18,8.13
2019-07-25,8.15
2019-08-01,8.01
2019-08-08,8.15
2019-08-15,8.05
2019-08-22,7.96
2019-08-29,7.87
2019-09-05,7.81
2019-09-12,7.72
2019-09-19,7.72
2019-09-26,7.61
2019-10-03,7.65
2019-10-10,7.70
2019-10-17,7.67
2019-10-24,7.65
2019-10-31,7.62
2019-11-07,7.55
2019-11-14,7.45
2019-11-21,7.43
2019-11-28,7.46
2019-12-05,7.40
2019-12-11,7.04
2019-12-19,6.80
2019-12-26,7.25
2020-01-02,7.25
2020-01-09,7.26
2020-01-16,7.00
2020-01-23,7.05
2020-01-30,7.04
2020-02-06,6.99
2020-02-13,7.00
2020-02-20,6.95
2020-02-27,6.91
2020-03-05,6.70
2020-03-12,6.81
2020-03-19,7.15
2020-03-26,6.59
2020-04-02,6.39
2020-04-08,6.23
2020-04-16,6.00
2020-04-23,6.00
2020-04-30,5.84
2020-05-07,5.70
2020-05-14,5.39
2020-05-21,5.39
2020-05-28,5.38
2020-06-04,5.27
2020-06-11,5.15
2020-06-18,4.98
2020-06-25,4.85
2020-07-02,4.81
2020-07-09,4.95
2020-07-16,4.90
2020-07-23,4.80
2020-07-30,4.63
2020-08-06,4.53
2020-08-13,4.48
2020-08-20,4.43
2020-08-27,4.50
2020-09-03,4.42
2020-09-10,4.41
2020-09-17,4.45
2020-09-24,4.25
2020-10-01,4.18
2020-10-08,4.26
2020-10-15,4.22
2020-10-22,4.14
2020-10-29,4.22
2020-11-05,4.25
2020-11-12,4.14
2020-11-19,4.24
2020-11-26,4.28
2020-12-03,4.35
2020-12-10,4.26
2020-12-17,4.23
2020-12-24,4.27
2020-12-31,4.24
2021-01-07,4.28
2021-01-14,4.19
2021-01-21,4.19
2021-01-28,4.22
2021-02-04,4.24
2021-02-11,4.19
2021-02-18,4.01
2021-02-25,4.02
2021-03-04,4.06
2021-03-11,4.05
2021-03-18,4.05
2021-03-25,4.03
2021-03-31,4.08
2021-04-08,4.07
2021-04-15,4.07
2021-04-22,4.06
2021-04-29,4.06
2021-05-06,4.07
2021-05-13,4.06
2021-05-20,4.05
2021-05-27,4.07
2021-06-03,4.02
2021-06-10,4.04
2021-06-17,4.00
2021-06-24,4.03
2021-07-01,4.30
2021-07-08,4.30
2021-07-15,4.30
2021-07-22,4.33
2021-07-29,4.35
2021-08-05,4.33
2021-08-12,4.50
2021-08-19,4.50
2021-08-26,4.49
2021-09-02,4.39
2021-09-09,4.49
2021-09-15,4.60
2021-09-23,4.58
2021-09-30,4.69
2021-10-07,4.81
2021-10-14,4.79
2021-10-21,4.83
2021-10-28,4.93
2021-11-04,5.00
2021-11-11,5.14
2021-11-18,5.00
2021-11-25,5.05
2021-12-02,5.10
2021-12-09,5.20
2021-12-16,5.20
2021-12-23,5.45
2021-12-30,5.49
2022-01-06,5.51
2022-01-13,5.52
2022-01-20,5.57
2022-01-27,5.50
2022-02-03,5.84
2022-02-10,5.75
2022-02-17,5.95
2022-02-24,5.94
2022-03-03,6.06
2022-03-10,6.15
2022-03-17,6.33
2022-03-24,6.49
2022-03-31,6.52
2022-04-07,6.52
2022-04-13,6.52
2022-04-21,6.50
2022-04-28,6.68
2022-05-05,6.85
2022-05-12,6.97
2022-05-19,6.93
2022-05-26,6.90
2022-06-02,7.01
2022-06-09,7.32
2022-06-16,7.15
2022-06-23,7.50
2022-06-30,7.56
2022-07-07,7.70
2022-07-14,7.55
2022-07-21,7.74
2022-07-28,8.05
2022-08-04,8.01
2022-08-11,8.30
2022-08-18,8.35
2022-08-25,8.35
2022-09-01,8.35
2022-09-08,8.55
2022-09-15,8.75
2022-09-22,8.61
2022-09-29,9.25
2022-10-06,9.00
2022-10-13,8.90
2022-10-20,8.80
2022-10-27,9.00
2022-11-03,9.40
2022-11-10,9.19
2022-11-17,9.37
2022-11-24,9.70
2022-12-01,9.68
2022-12-08,10.00
2022-12-15,9.80
2022-12-22,10.20
2022-12-29,10.10
2023-01-05,10.49
2023-01-12,10.46
2023-01-19,10.70
2023-01-26,10.80
2023-02-02,10.78
2023-02-09,10.82
2023-02-16,11.05
2023-02-23,11.04
2023-03-02,11.05
2023-03-09,11.19
2023-03-16,11.30
2023-03-23,11.28
2023-03-30,11.34
2023-04-05,11.28
2023-04-13,11.30
2023-04-20,11.30
2023-04-27,11.27
2023-05-04,11.40
2023-05-11,11.39
2023-05-18,11.25
2023-05-25,11.25
2023-06-01,11.20
2023-06-08,11.32
2023-06-15,11.15
2023-06-22,11.09
2023-06-29,11.02
2023-07-06,11.30
2023-07-13,11.29
2023-07-20,11.18
2023-07-27,11.09
2023-08-03,11.28
2023-08-10,11.25
2023-08-17,11.26
2023-08-24,10.96
2023-08-31,11.07
2023-09-07,11.00
2023-09-14,11.25
2023-09-21,11.00
2023-09-28,11.05
2023-10-05,11.05
2023-10-12,11.05
2023-10-19,10.95
2023-10-26,11.26
2023-11-01,11.09
2023-11-09,10.95
2023-11-16,10.87
2023-11-23,10.75
2023-11-30,10.78
2023-12-07,11.25
2023-12-14,11.25
2023-12-21,11.09
2023-12-28,11.26
2024-01-04,11.30
2024-01-11,11.28
2024-01-18,11.30
2024-01-25,11.28
2024-02-01,11.15
2024-02-08,11.06
2024-02-15,11.05
2024-02-22,11.00
2024-02-29,11.00
2024-03-07,11.00
2024-03-14,11.18
2024-03-21,10.99
2024-03-27,10.90
2024-04-04,10.88
2024-04-11,10.92
2024-04-18,11.04
2024-04-25,11.04
2024-05-02,10.95
2024-05-09,11.03
2024-05-16,10.95
2024-05-23,11.00
2024-05-30,11.03
2024-06-06,11.04
2024-06-13,11.00
2024-06-20,10.95
2024-06-27,10.88
2024-07-04,11.02
2024-07-11,10.90
2024-07-18,10.89
2024-07-25,10.87
2024-08-01,10.97
2024-08-08,10.86
2024-08-15,10.65
2024-08-22,10.65
2024-08-29,10.65
2024-09-05,10.51
2024-09-12,10.49
2024-09-19,10.40
2024-09-26,10.35
2024-10-03,10.30
2024-10-10,10.30
2024-10-17,10.21
2024-10-24,10.20
2024-10-31,10.20
2024-11-07,10.10
2024-11-14,10.10
2024-11-21,10.05
2024-11-28,9.95
2024-12-05,9.90
2024-12-11,9.95
2024-12-19,9.80
2024-12-26,9.74
2025-01-02,10.04
2025-01-09,9.88
2025-01-16,9.78
2025-01-23,9.75
2025-01-30,9.87
2025-02-06,9.65
2025-02-13,9.35
2025-02-20,9.37
2025-02-27,9.44
2025-03-06,9.15
2025-03-13,9.14
2025-03-20,9.10
2025-03-27,9.02
2025-04-03,8.80
2025-04-10,8.80
2025-04-16,9.00
2025-04-24,8.80
2025-04-30,8.65
2025-05-08,8.55
2025-05-15,8.40
2025-05-22,8.15
2025-05-29,8.12
2025-06-05,8.10
2025-06-12,8.10
2025-06-19,8.14
2025-06-26,8.00
2025-07-03,7.70
2025-07-10,7.85
2025-07-17,7.65
2025-07-24,7.65
2025-07-31,7.48
2025-08-07,7.50
2025-08-14,7.38
2025-08-21,7.40
2025-08-28,7.27
2025-09-04,7.35
2025-09-11,7.35
2025-09-18,7.25
2025-09-25,7.20
2025-10-02,7.19
2025-10-09,7.47
2025-10-16,7.40
2025-10-23,7.10
2025-10-30,7.10
2025-11-06,7.30
2025-11-13,7.05
2025-11-20,7.25
2025-11-27,7.15
2025-12-04,7.29
2025-12-11,7.25
2025-12-18,7.15
2025-12-24,7.04
2025-12-31,7.07
2026-01-08,7.07
2026-01-15,6.99
2026-01-22,7.00
2026-01-29,6.95
2026-02-05,6.90
2026-02-12,6.88
2026-02-19,6.84
2026-02-26,6.83
2026-03-05,6.81
2026-03-12,6.81
2026-03-19,6.81
2026-03-26,6.81
2026-04-01,6.64
2026-04-09,6.60
2026-04-16,6.60
2026-04-23,6.55
2026-04-30,6.50
2026-05-07,6.49
2026-05-14,6.54
2026-05-21,6.45
2026-05-28,6.38
2026-06-04,6.36
2026-06-11,6.25
2026-06-18,6.28
2026-06-25,6.28
2026-07-02,6.30
2026-07-09,6.29
2026-07-16,6.20
2026-07-23,6.18
2026-07-30,6.20
2026-08-06,6.17
2026-08-13,6.40
2026-08-20,6.15
2026-08-27,6.13
2026-09-03,6.49
2026-09-10,6.25
2026-09-17,6.25
2026-09-24,6.15
2026-10-01,6.01
